difficulty,question,answer
simple,"孔明欲斩谁以明军纪，但被玄德阻止？","关云长（关羽）。"
simple,"周瑜令谁为先锋攻打南郡？","蒋钦。"
simple,"曹仁派谁守彝陵，以为掎角之势？","曹洪。"
simple,"谁率五百军出战东吴，被丁奉诱入阵中围困？","牛金。"
simple,"在南郡城上望见牛金被围，谁亲自出城救援？","曹仁。"
simple,"曹仁救出牛金后，谁引兵接应混战？","曹仁之弟曹纯。"
simple,"谁建议周瑜先取彝陵再图南郡？","甘宁。"
simple,"甘宁被围在彝陵，谁自告奋勇突围入城报信？","周泰。"
simple,"周瑜用何计策诱曹仁出城劫寨？","诈死之计，令军士诈降报信。"
simple,"周瑜大败曹仁后，谁已提前占领了南郡？","赵云（奉诸葛亮命）。"
simple,"谁用计袭取了荆州？","张飞（奉诸葛亮命）。"
simple,"谁用计袭取了襄阳？","关羽（奉诸葛亮命）。"
simple,"周瑜得知三郡皆失，气得如何？","金疮迸裂，大叫一声。"
simple,"谁奉命前往江东，向刘备讨还荆州？","鲁肃。"
simple,"诸葛亮以谁尚在为由，暂时不还荆州？","刘琦。"
simple,"鲁肃回报周瑜后，认为刘琦何时会死？","不过半年。"
simple,"孙权攻打何处受挫，令周瑜班师回援？","合淝。"
simple,"谁向刘备建议先取荆南四郡作为根本？","马良。"
simple,"马良建议先取哪一郡？","零陵。"
simple,"零陵太守是谁？","刘度。"
simple,"零陵守将邢道荣使用的是什么兵器？","开山大斧。"
simple,"邢道荣被谁生擒？","张飞追击，赵云拦截，最终投降赵云。"
simple,"赵云计取桂阳时，桂阳太守是谁？","赵范。"
simple,"赵范手下两位自称勇猛的猎户将领是谁？","陈应、鲍隆。"
simple,"陈应擅长使用什么兵器？","飞叉。"
simple,"赵范欲将谁嫁给赵云？","他的寡嫂樊氏。"
simple,"赵云为何拒绝赵范的婚事提议？","认为这是乱伦，且怀疑赵范用心。"
simple,"武陵太守是谁？","金旋。"
simple,"谁劝金旋投降刘备但被拒绝？","从事巩志。"
simple,"张飞与金旋交战，金旋战况如何？","不敢交锋，拨马便走。"
simple,"最终谁射杀了金旋？","巩志（一箭射中面门）。"
simple,"长沙太守是谁？","韩玄。"
simple,"韩玄手下的著名老将是谁？","黄忠。"
simple,"黄忠擅长使用什么兵器？","刀和弓（能开二石力之弓）。"
simple,"关羽和黄忠第一次交手多少回合不分胜负？","一百余合。"
simple,"关羽为何没有趁黄忠马失前蹄时杀他？","敬重其勇武，欲公平决胜（义气）。"
simple,"黄忠为报关羽不杀之恩，用箭射向关羽何处？","盔缨根上。"
simple,"谁救下了险被韩玄斩首的黄忠？","魏延。"
simple,"魏延为何杀韩玄？","称韩玄残暴不仁，轻贤慢士。"
simple,"孙权在合淝与谁交战？","曹操军（主要是张辽）。"
simple,"孙权在阵前被谁突袭险些丧命？","乐进。"
simple,"谁射杀了孙权部将宋谦？","李典。"
simple,"谁献计在合淝城内放火，欲刺杀张辽？","太史慈（通过戈定与内应联络）。"
simple,"太史慈在合淝城中计，身中数箭后最终结局如何？","伤重而亡。"
simple,"刘琦病亡后，谁代表东吴前来吊丧并索要荆州？","鲁肃。"
simple,"诸葛亮和刘备用什么理由再次拖延归还荆州？","刘璋是同宗，不忍攻伐西川，无处安身。"
simple,"鲁肃与刘备签订的关于荆州的文书，保人是谁？","诸葛亮和鲁肃自己。"
simple,"周瑜为夺回荆州，向孙权献了什么计策？","美人计（假意将孙权妹妹嫁给刘备，诱其入吴）。"
simple,"谁作为媒人去荆州向刘备提亲？","吕范。"
simple,"诸葛亮为保刘备入吴安全，给了赵云什么？","三个锦囊妙计。"
simple,"刘备到南徐后，第一个锦囊让赵云做了什么？","让随行军士大肆采办婚礼用品，传扬婚事。"
simple,"谁帮助刘备在吴国太面前说了好话？","乔国老。"
simple,"吴国太在何处相看刘备？","甘露寺。"
simple,"刘备在甘露寺用剑砍什么祈祷？","石块。"
simple,"孙权妹妹闺名（演义中提及）？","孙夫人（通常称为孙尚香）。"
simple,"刘备夫妇用什么借口离开南徐？","借口到江边祭祀刘备先祖。"
simple,"周瑜最后一次试图夺取荆州的计策是什么？","假途灭虢（假装伐蜀，途经荆州时夺取）。"
simple,"识破周瑜假途灭虢之计的是谁？","诸葛亮。"
simple,"周瑜在最后一次失败后，气绝前喊出的名言是什么？","既生瑜，何生亮！"
simple,"周瑜死后推荐谁接替自己的都督职位？","鲁肃。"
simple:"庞统因相貌丑陋未被孙权重用，前往荆州投靠刘备，最初被任命担任何职？","耒阳县令。"
simple,"谁发现了庞统的大才并向刘备举荐？","张飞。"
simple,"马腾与谁密谋诛杀曹操？","侍郎黄奎。"
simple,"谁向曹操告发了马腾与黄奎的密谋？","黄奎的小舅子苗泽。"
simple,"马腾的哪个儿子随他一同遇害？","马休、马铁。"
simple,"马超起兵复仇，与谁联合？","韩遂。"
simple,"曹操在潼关之战中，因军士呼喊什么而割须弃袍？","“长髯者是曹操！”、“短髯者是曹操！”"
simple,"在潼关之战中，谁赤裸上身与马超酣战？","许褚。"
simple,"曹操用了谁的计策离间了马超和韩遂？","贾诩。"
simple,"贾诩建议如何离间马超和韩遂？","写一封涂改过的信给韩遂，让马超生疑。"
simple,"马超愤怒中砍伤了韩遂的哪个部位？","左手。"
simple,"刘璋因畏惧谁的侵犯而想请刘备入川？","张鲁。"
simple,"谁作为刘璋的使者前往荆州邀请刘备入川？","法正。"
simple,"谁是张松在蜀中的另外一位心腹好友？","孟达。"
simple,"谁力谏刘璋不要请刘备入川，甚至口衔刘璋衣袍被顿落门牙？","黄权。"
simple,"谁倒悬城门，死谏刘璋不要迎刘备？","王累。"
complex,"周瑜在南郡之战中先胜后败，最终失城，主要原因是什么？","周瑜虽勇而多谋，但先被曹仁伏兵箭伤，后又被诸葛亮抢先进计夺取南郡、荆州、襄阳，数次用计不成，心高气傲，急火攻心，导致箭伤复发，功败垂成。"
complex,"鲁肃两次赴荆州讨要荆州，为何都无功而返？","第一次孔明以刘琦尚在为借口拖延；第二次孔明识破周瑜借道伐蜀之计，假意应承，并反将一军，利用刘备的“仁义”和鲁肃的忠厚，最终都未能成功收回。"
complex,"刘备迎娶孙夫人这件事，对孙刘联盟关系产生了怎样的影响？","表面上巩固了联盟，实则埋下更多隐患。周瑜计谋失败，加深了东吴对刘备的怨恨。孙夫人虽暂时随刘备，但其刚烈性格和吴侯势力的存在，为后续关系破裂留下伏笔。"
complex,"赵云在桂阳拒婚一事，体现了他怎样的品格？","体现了赵云的正直、谨慎和忠诚。他坚守人伦（不娶结义兄弟之嫂），顾全大局（不因美色影响主公事业），且对初降的赵范保持警惕，展现了高尚的道德情操和政治头脑。"
complex,"关羽与黄忠的长沙之战，如何体现了“义”的精神？","关羽在黄忠马失前蹄时不趁人之危，体现了武将间的尊重与“义”。黄忠感念此恩，回报以箭射盔缨而非伤其性命，也体现了知恩图报的“义”。二人的惺惺相惜超越了敌对立场。"
complex,"曹操为何要在铜雀台大会文武并亲自赋诗？其政治意图是什么？","意在展示武功文治，炫耀实力，震慑内外；同时通过群臣的颂扬和自己的表白（虽否认篡位但强调功高），试探人心，巩固权臣地位，为日后进一步攫取权力（乃至称王称帝）制造舆论，铺垫基础。"
complex,"孔明三气周瑜最终致其死亡，这三次具体指的是哪些事件？","一气指南郡之争，费尽心机的周瑜最终被孔明用计夺取南郡、荆襄；二气指美人计弄假成真，刘备娶得孙夫人安然返回荆州，周瑜“赔了夫人又折兵”；三气指假途灭虢之计被识破，反遭伏击，最终气绝身亡。"
complex,"庞统为何在投奔刘备初期未受重用？后来又是如何展现才能的？","因其相貌丑陋，刘备以貌取人，未加重视，仅任为县令。庞统故意不理政事以示不满。后张飞巡查，庞统在半日内处理完百余日公务，展现惊人才能，张飞力荐，刘备方知其贤，拜为副军师。"
complex,"马腾之死对曹操和马超各产生了什么影响？","对曹操而言，暂时消除了西凉潜在的肘腋之患，但手段残酷，激化了与马超的矛盾。对马超而言，是杀父之仇，不共戴天，促使其联合韩遂起兵反曹，成为曹操西顾之忧，引发了潼关大战。"
complex,"潼关之战中，曹操初期屡次失利，甚至割须弃袍，原因何在？","马超及其西凉军异常勇猛，报仇心切，锐不可当；曹操对马超的勇猛有所低估，且部分将领（如曹洪）轻敌冒进，导致初战失利；马超军队的冲击力和个人武勇（尤其对阵许褚）给曹军造成巨大压力。"
complex,"贾诩的反间计为何能成功离间马超与韩遂？","利用了马超多疑、勇而少谋的性格弱点，以及韩遂与曹操旧识、部将各有私心的背景。涂改的书信、曹洪的故意言语、杨秋等将领的暗中勾结，层层递进，最终使马超与韩遂彻底反目，联盟瓦解。"
complex,"张松叛刘璋而投刘备，其动机和行为逻辑是什么？","动机：1）对刘璋暗弱、不能纳贤用能感到失望；2）出使许都时受到曹操的怠慢和羞辱；3）钦佩刘备的仁德和礼贤下士。行为逻辑：认为刘璋无法守住益州，不如献给“明主”刘备，既能实现个人抱负，也自认符合“良禽择木”的逻辑。"
complex,"刘备决定入川时，荆州的防务是如何安排的？","诸葛亮总守荆州；关羽据守襄阳要路（青泥隘口）；张飞领四郡兵马巡查长江；赵云屯兵江陵，镇守公安。这样的布置考虑到了东吴和曹操两方面的威胁，力图确保后方稳定。"
complex,"刘备在与刘璋初次会面后，为何拒绝庞统立即动手的建议？","刘备考量：1）刘璋是同宗，直接动手违背宗族情谊；2）自己初入蜀地，恩信未立，强取会失民心；3）这与他一直标榜的“仁义”形象相悖，担心被天下人唾骂。他希望以更“正当”的方式获取益州。"
complex,"从演义角度看，周瑜屡次败给诸葛亮，是智谋不足还是性格缺陷导致？","演义更侧重于性格缺陷。周瑜虽智谋亦高，但心胸狭隘，嫉贤妒能（尤其对诸葛亮），易怒冲动。诸葛亮正是利用了其性格弱点（如激将法），配合超凡智谋，才屡屡得手。并非单纯智谋不如。"
complex,"曹操在潼关之战中，如何从被动挨打转为最终获胜？","初期被马超勇力压制后，转入坚守；利用天气（冰城）稳固阵脚；采纳贾诩计策，离间马超、韩遂，瓦解敌方联盟；抓住敌内乱时机，发动总攻，最终击溃西凉军。"
complex,"孙权在周瑜死后，对待刘备和荆州问题的态度有何变化？","失去周瑜这一强硬派主战人物后，孙权在鲁肃（主张维持联盟）影响下，暂时搁置了武力夺取荆州的计划，接受了鲁肃的建议，继续维持与刘备的表面联盟以共同对抗曹操。"
complex,"刘备集团拿下荆南四郡的意义是什么？","极大地扩展了刘备的战略纵深和根据地范围；获得了宝贵的人才（如黄忠、魏延、马良）；充实了钱粮兵源，为其日后发展壮大，乃至图谋益州奠定了坚实的基础。"
complex,"黄忠和魏延在长沙的反正，反映了当时地方势力怎样的心态？","反映了在乱世中，地方将领和士族对“明主”的渴望。韩玄的残暴和轻贤，与刘备集团的仁德声望形成对比，使得黄忠（被逼无奈）和魏延（怀才不遇）等人更倾向于选择更有前途和更能赏识自己的势力。"
complex,"庞统初到耒阳“不理政事”是一种怎样的策略？","这是一种“待价而沽”或“无声抗议”的策略。他深知自己才能非凡，却被派去做小县令，心中不服，便以消极怠工的方式表达不满，并等待识货之人（如张飞）来发现他的真正价值。"
complex,"马超军队（西凉兵）的作战特点是什么？在潼关之战中是如何体现的？","特点是骑兵精锐，冲击力强，将领（尤其马超、庞德）个人武勇突出，作风剽悍。潼关之战中体现为：正面冲锋威力巨大，屡次冲散曹军阵型；依赖勇力但有时略显战术单一；内部（与韩遂联盟）易被离间。"
complex,"杨修在张松使蜀事件中扮演了什么角色？他的聪明才智有何体现和局限？","杨修起初维护曹操，与张松辩论，后识得张松之才，劝曹操接纳。体现了他博学、反应快、能言善辩。局限在于他虽识才，却未能说服刚愎自用的曹操重用张松，且其“小聪明”未能改变大局。"
complex,"对比黄权、王累的死谏和张松、法正的“献土”，如何理解《三国演义》中的“忠”？","演义中的“忠”是复杂的。黄权、王累代表了传统儒家对原主（刘璋）的愚忠，甚至不惜牺牲生命。张松、法正则代表了另一种“忠”——忠于“汉室”（或自己心中的理想明主），认为刘璋无能，将益州献给刘备才是匡扶汉室的正道。小说并未简单评判，而是展现了不同立场下的选择。"
complex,"刘备入川前，荆州集团内部对于是否取西川存在哪些不同意见？核心分歧是什么？","主要有两派意见：以庞统、法正为代表的主张抓住机会、果断夺取的“权变派”；以刘备（初期）为代表的顾及仁义、同宗情谊的“保守派”。核心分歧在于：是优先考虑战略利益和现实需要，还是坚守道德原则和个人声誉。"
deep,"若周瑜没有英年早逝，孙刘联盟的走向以及三国的格局可能会如何演变？","周瑜若在，以其强硬态度和不懈努力，很可能持续向刘备施压索要荆州，甚至不惜动武。孙刘联盟破裂会更早、更彻底。赤壁之战后形成的暂时平衡将被打破。刘备可能难以安心发展，甚至被迫更早投靠曹操或在夹缝中艰难求生。三国鼎立的局面或许不会形成，或形成的时间、形式、参与方都会大不相同，江东可能更具侵略性。"
deep,"曹操烧毁《孟德新书》这一行为，反映了他怎样的性格特点和心理状态？","反映了曹操极强的自尊心、猜忌心和实用主义。他一方面自负其才，著书立说；另一方面又极度在意名声和他人评价，不能容忍“抄袭”或“拾人牙慧”的指控（即使是张松的激将法）。与其留下可能被质疑的作品，不如彻底销毁，体现其“宁我负人，毋人负我”式的不容瑕疵和掌控欲。"
deep,"庞统提出的在涪城宴会上袭杀刘璋的计策，虽然刘备未采纳，但从纯粹的军事和政治角度看，其利弊如何？","利：速战速决，以最小代价夺取益州控制权，避免长期战争消耗和夜长梦多；能迅速整合益州资源对抗曹操。弊：手段过于阴狠，严重损害刘备“仁义”形象，可能激起蜀中士族将领的激烈反抗，导致内部不稳，统治成本高；违背了刘备一贯标榜的价值观，可能令内部部分人心生疑虑。"
deep,"假设你是韩遂，在被马超砍伤、联盟破裂后，投降曹操是你唯一的或最佳的选择吗？试分析其他可能性。","投曹并非唯一选择，但可能是风险相对较低的选择。其他可能：1. 退回西凉本部，凭险自守，徐图恢复。风险：曹操可能追击，且失去联盟后实力大损。2. 尝试与其他反曹势力（如张鲁，或远方的刘备）联络，寻求庇护或结盟。风险：地理遥远，且自身实力已弱，未必被接纳或重用。3. 彻底归隐。风险：在乱世中难保安全。投曹虽失独立性，但能保全性命和一定地位，对当时的他来说或许是“现实”的选择。"
deep,"刘备入川，是“仁义之师”的救援，还是精心策划的“鹊巢鸠占”？演义如何描绘这种模糊性？","演义巧妙地维持了这种模糊性。表面上，刘备应刘璋之邀入川拒张鲁，是“同宗救援”；他本人也多次表达不忍之心。但同时，张松、法正的内应，庞统的积极策划，以及最终夺取益州的事实，都指向“鹊巢鸠占”。演义通过展现刘备的犹豫和部下的推动，将责任部分“分摊”，维持了刘备“仁德”主形象，但又暗示了政治现实的残酷和野心。"
deep,"从第51回至60回，诸葛亮和庞统作为刘备的顶级谋士，他们的谋略风格有何异同？","相同点：都智谋高绝，忠于刘备，致力于兴复汉室。不同点：诸葛亮更显“王道”，行事谨慎，擅长阳谋、大战略规划、后勤保障和外交（如应对鲁肃），注重“名正言顺”；庞统则更显“霸道”，计策奇诡、险峻、直接（如献计杀刘璋），注重抓住战机，不拘小节，更倾向于“兵不厌诈”。二人风格互补。"
deep,"分析《三国演义》中“谣言”或“信息战”的作用，以曹操割须弃袍和贾诩离间计为例。","谣言/信息战作用巨大。1. 战场直接影响：西凉军喊“穿红袍的是曹操”、“长髯者是曹操”，直接迫使曹操改变外形，制造混乱，险些被擒，体现了战场信息对关键目标的定位作用。2. 战略层面影响：贾诩的离间计利用涂改的书信和刻意散布的言语（曹洪传话），制造误解和猜疑，成功瓦解了马超韩遂联盟，是不战而屈人之兵的典范。演义中信息（真假难辨）常能左右战局和人心。"
deep,"假如马超在潼关之战中成功击杀曹操，汉末历史格局将如何改变？","曹操若死，北方将群龙无首。曹丕、曹植等争位可能加剧内耗。原本被压制的各路诸侯（包括投降的）可能重新抬头。马超、韩遂可能占据关中，成为一支强大的独立势力。孙权可能趁机北伐或巩固江东。刘备则失去最大对手，入川或许更顺利，但北方混乱也可能使其失去“匡扶汉室”的最佳目标。三国鼎立局面几乎不可能形成，天下可能陷入更长时间、更 fragmented 的混战。"
deep,"吴国太在甘露寺相亲时，若最终没有看中刘备，而是支持孙权的原计划，后续会如何发展？","若吴国太不认可刘备，孙权和周瑜的原计划（扣押刘备换荆州）可能会执行。刘备被囚，关羽、张飞、诸葛亮必全力营救或攻打东吴，孙刘联盟彻底破裂，爆发大规模冲突。曹操可能坐收渔利。刘备集团失去主心骨，荆州基业可能不保，甚至覆灭。孙权虽可能夺回荆州，但也会付出巨大代价，且失去抗曹盟友。历史走向将截然不同。"
deep,"演义中多次描写人物因“气”而影响健康甚至死亡（如周瑜），这反映了怎样的文化观念或文学手法？","反映了中国传统文化中“情志致病”的观念，认为强烈的情绪（尤其是怒、忧、思）可以直接损害身体健康（伤肝、伤心等）。文学上，这是一种戏剧化的表现手法，用生理反应（吐血、昏厥、死亡）来极度放大人物内心的激动、愤懑、失败感，增强悲剧效果和人物形象的鲜明度，也用以衬托对手（诸葛亮）智谋的高超和“杀人不用刀”的境界。"
deep,"探讨“义”在关羽义释黄忠、赵云拒婚、马腾复仇等事件中的不同体现及其复杂性。","“义”在演义中是核心价值观，但体现多样且复杂。关羽对黄忠是英雄间的惺惺相惜之义；赵云拒婚是忠于主公、坚守人伦的道义；马腾复仇是基于君臣之义（汉室）和宗族之义（报仇）。“义”有时与“利”冲突（如韩遂背弃兄弟之义投曹），有时内部冲突（忠于汉室 vs 忠于旧主）。演义通过这些事件探讨了“义”的多重内涵和在乱世中的实践困境。"
deep,"评价张松这一人物形象。他是一个有才无德的“小人”，还是一个识时务的“俊杰”？","张松形象复杂，难以简单定性。他有才（过目不忘），有识（看出刘璋暗弱、曹操奸雄、刘备仁德），有胆（敢于讽刺曹操）。但他献图卖主，行为上确有“不忠”之嫌。从演义“拥刘反曹”的主线看，他投靠刘备被视为“弃暗投明”，有“识时务者为俊杰”的意味。但其行为本身仍具争议性，可视为乱世中现实主义与道德困境结合的产物。"
deep,"分析刘备集团在第51-60回期间的战略发展轨迹。","这一阶段是刘备集团发展的关键时期。从赤壁之战后寄人篱下，到智取荆南四郡，奠定初步根据地；通过外交（联姻、应对鲁肃）和计谋（挫败周瑜）巩固荆州；最终在内部人才（庞统加入）和外部机会（张松献图）驱动下，开启入川之路，向建立帝业迈出决定性一步。战略上是从依附走向独立，从生存走向扩张。"
deep,"设想如果张飞在耒阳没有发现庞统的才能，庞统的命运以及刘备集团的发展可能会怎样？","若庞统才能未被发现，他可能心灰意冷离开刘备，或继续在底层沉沦。刘备将失去一位顶级谋主。入川战略可能由诸葛亮主导，但庞统的奇谋险策（无论好坏）将缺失。刘备集团在谋略层面可能不如历史中强大，入川过程或更加艰难、耗时更长，甚至可能因缺乏关键计策而失败。庞统个人的才华也将被埋没，成为又一个乱世遗珠。"
deep,"曹操在处理马腾事件和之后对韩遂的处理方式，反映了他怎样的用人策略和政治手腕？","对马腾（潜在威胁、旧有矛盾者）采用诱杀策略，斩草除根，手段狠辣。对韩遂（被离间后失去威胁、有利用价值者）则采取招降、封侯的方式，分化瓦解敌人，并用其安抚西凉。这反映了曹操典型的实用主义和权术：对构成实质威胁者毫不留情，对可以利用者则加以笼络，一切以巩固自身统治和消除异己为出发点，灵活运用恩威并施的手段。"